user,title,rating,date,review_text
ApTreX,Truly worth the money spent! Even if you go broke!,5.0,Reviewed in India ğŸ‡®ğŸ‡³ on 6 February 2022,"My honest review after going broke buying this depreciating object.I have been using android phones since the last 10 years and finally decided to switch to iPhone! I used to roast iPhone for its prices, lack of features and also things like power adapter not given in box etc, but my last android phone (iqoo 7 legend) had lot of software related issues and battery issues after updating it to android 12, tired of bugs and software glitches in android, I finally decided to buy a iPhone and switch from android to iOS And Boy Was I right!I never even held an iPhone In my life before because of its price, but now I made a great choice even if I had to spend all my savings on it.iPhone 13 is so smooth that even my IQOO 7 Legend with 120hz feels slower than it even if iPhone has only 60hz. And I canâ€™t believe what Iâ€™m seeing, all the games/apps are so much smoother and optimised than on android.I was very sceptical about the charging speed of an iPhone Because in Iqoo I had 66w fast charger where as for iPhone I had to buy 20w separate fast charger for 1800rs, but charging speed isnâ€™t disappointing.Display quality is truly flagship level and Iâ€™m quite a fan of the small 6.1 display believe it or not, being able to reach the top of display with just one hand is very helpful, Build quality is great.I would recommend NOT to waste extra 40k for buying 13 pro. Because I donâ€™t think having a extra camera telephoto lens is worth spending 40k.You can see in the 3rd image attached the quality of wide angle camera pic shot on my iPhone 13, wide angle camera struggles in low light, but main camera is really good, captures true colours. Front camera is really good too, truly flagship.Speakers are Great.Battery life is better than my previous devices,iOS is very optimised in terms of battery life, easy 8hrs sot on normal usage.NOTE : While playing BGMI you loose around 2% battery every 6minutes at HD + Extreme Graphics. Which is also good. Pro Max Would Be far better in terms of battery.For the software? Yes I feel like there are few downsides, even if the software is very smooth and has very less bugs, it has two annoying things : any game gets paused when you open control centre just to check the battery etc, Lock Screen is annoying and also having to reach the top left corner just to see notifications is also annoying, clearing all notifications is also very annoying.But other than that a perfect 10/10 purchase. I was very disappointed at myself when I paid for the iPhone but when I received it I was truly happy that I bought it.Truly worth it."
debarghyo chaudhuri,Review after 1 week of usage,4.0,Reviewed in India ğŸ‡®ğŸ‡³ on 30 July 2022,"Got it for 65K on Amazon prime day. So as a lifelong android user I have switched to IOS. So will be dividing this into the pros and negs:Product red 128GBPros:1) Received genuine product from Amazon( was quite sceptic about it though)2) Built quality excellent3) Camera quality excellent. True to life color reproduction, Indoor conditions amazing, night photos are good, facial tones are very good, day clicks are amazing. In short it's an amazing exp. Selfie cam also produces very good quality images. And also no shift in dynamic range while shifting B/W wide and ultra wide cams.4) Display:- Its a really great display, not 120 hz, but the experience is no less than a 120 hz, coz of apple's great software optimization, buttery smooth, no jitters on the screen, won't feel like a 60 hz panel. Now the notch, yes it will be bothering a little bit but its got its own functions, face unlock and stuff (works great in all environmental conditions)after a little while you get adjusted and it got its own magic functions like when when the phone rings and you go close to it, it detects your presence and lowers the vol level.5) Performance: Most powerful processor in the world.6) Battery:- With light usage will easily go for 2 days and with heavy 1 day. Remember to follow a charging pattern and it will give a solid battery exp.7) Speakers: Very loud with a small thumpCons:1) To keep photos and stuff you need to buy storage. 5 GB by default but that's nothing. Download google photos as an alternate sol. if you don't wanna buy storage.2) File management system sucks, android is much better.3) It has dolby atmos but for that you need a subscription to Apple music.4) Does not have a telephoto cam, which I think is a must at this price point.5) Somehow I am not getting 4g+ on my airtel, don't know why but in my android phone always used to get that.6) No USB C7) Siri is dumb AF8) Apple maps are not good, so download Google maps.9) Google keypad is much better than apple's.10) Notification panel and those small things like typing in the notification panel and other things that you can do in android is much much better than apple.11) As of now no haptic feedback while typing maybe coming on IOS 16Note:- Apple ecosystem still exploring that part but whenever you click any pic it automatically gets updated and I can see it in my Macbook also.Overall I would say if you are planning to buy a phone for responsiveness and does the everyday stuff without any hanging problems and stuff then buy it, and also if you are planning to keep it for a long time, then I think its a good investment for the future. Its got Great resale value.Hope this helps in making your decision easier.Update after 2 weeks of usage:All the above points remains the same, but I did check out the ecosystem and the experience has been amazing.1) I can receive and make phone calls (cellular calls) from my macbook, and the call quality is also good.So basically you can keep your phone in some other section of the house and you are working with your macbook somewhere else and if some call comes you can receive that on your macbook. PS:- your phone and macbook should be connected to a similar network, i.e wi-fi.2) Airplay- Just from the lock screen itself i can play any video and also listen to music from my phone. So basically you can watch youtube amazon prime videos(app not in the macbook but present on phone) and other stuff and also listen to music, and the switch of devices is also seamless. So someone in my house can use my macbook to watch movies on amazon prime(playing from my phone) and I can browse linkedin or FB from my iphone."
Pankaj Sangwan,Best product,5.0,Reviewed in India ğŸ‡®ğŸ‡³ on 2 February 2023,I am a regular user of iPhone since iPhone 5s launched. Currently i have an 14pro. I bought this phone to gift someone. There is no need to review an iPhone if you are a regular user. WE CAN'T COMPARE AN IPHONE WITH ANDROID.
Aman Pratap,I own this for gaming but its just become show off thing because of battery life!,4.0,Reviewed in India ğŸ‡®ğŸ‡³ on 2 February 2023,"Camera quality is better, battery life is very decent if you play games on it like Call of Duty it will not last long, but games runs so smoothly! Screen size is small, face id works perfect, No bugs! Display quality is best, All i want to say is spending this much money and getting least things is not worth, but its appleğŸ˜‚ (we shell not talk about worth of money)"
Sameer adhate,A great phone,5.0,Reviewed in India ğŸ‡®ğŸ‡³ on 30 January 2023,"Everything is good with this phone like camera(highly impressive video quality), battery life(normal use-more than 10hrs,Gaming-4-5hrs), performance(best). But con for me is it takes 1and half hour to charge(good factor-it takes 30mins for 50percent charge). Other than that a great phone for normal use and for gaming.writing this after 6months usage."
mdtayyabansari,Elite phone!,5.0,Reviewed in India ğŸ‡®ğŸ‡³ on 2 February 2023,obviously Apple products are amazing and so is this iPhone 13! Absolutely loved the colour pink! Must buy
Mrinal D.,Battery life,4.0,Reviewed in India ğŸ‡®ğŸ‡³ on 28 January 2023,Camera is goodLooking elegantBattery is hopeless
Mayur Patel,Good phone,5.0,Reviewed in India ğŸ‡®ğŸ‡³ on 27 January 2023,"Nothing to review, people who have made up their mind already will buy this one, rest keep on looking. Still would recommend 14 for those looking for better camera."
Rakesh,One word â€œexcellentâ€œ,5.0,Reviewed in India ğŸ‡®ğŸ‡³ on 21 January 2023,"If you are an android user, trust me switch to iPhone. It will never let you down. For heavy user battery easily last more than 1 day. Camera is awesome. For each point of view, I can say iPhone is the best. You can blindly go for it."
Ravi kuruva,Dual sim functionality is not quite good in iphone13,4.0,Reviewed in India ğŸ‡®ğŸ‡³ on 29 January 2023,Dual sim functionality is not quite good in iphone13 and rest over all performance is good.
Ananth Machiraju,The iPhone 13 is the new benchmark for flagship phones...!,5.0,Reviewed in India ğŸ‡®ğŸ‡³ on 27 July 2022,"We're pretty confident when we say that the iPhone 13 is the best iPhone for most people. It may look like Apple has only changed the position of one of the phone's back cameras since last year's model, but trust us when we say that there are more substantial upgrades than that. With a new display, larger battery, and better camera hardware and software, the iPhone 13 is the new benchmark for flagship phones.Once again, Apple's made the iPhone 13 far more powerful than its Android competitors thanks to its 5G-ready A15 Bionic chip. If the raw performance doesn't interest you, photographers can play with the new Photographic Style filters in the camera app, while videographers will be excited by the new Cinematic mode focus-racking ability.The regular iPhone 13 has some flaws. The charging is still relatively slow compared to some Android phones. And I don't like that only the iPhone 13 Pro models get a 120Hz display and telephoto zoom. But based on my in-depth iPhone 13 review, this new iPhone is the best phone for the money.The overall display quality continues to be stellar. When watching the trailer for The Matrix Resurrections, I was mesmerized by the neon code encircling Neo as he walked down the street, and in another scene, I could make out individual hairs on Neoâ€™s beard as he stared up into the sun.DISPLAY1. Smaller notch makes the display a bit more immersive2. Slightly different button placement3. Pink and blue are standout colors4. New Green color launched March 2022CAMERA1. Bright and colorful images beat Samsung2. Ultra-wide camera delivers more scenes and improved Night mode3. Photographic styles give you creative controlVIDEO1. Cinematic mode automatically changes focus on subjects while adding bokeh2. Superior Dolby Vision HDR video qualityPERFORMANCE and A15 Bionic1.A15 Bionic is the fastest chip once again2. Machine learning performance notably betterBATTERY LIFE1.10 hours and 33 minutes of battery life, which is 2 hours better than the iPhone 12Software1.SharePlay lets you watch videos and listen to music with friends2. Focus cuts down on distractionsVERDICT :The iPhone 13 improves on what was already the best iPhone for most people by introducing a bunch of welcome enhancements. I especially like the longer battery life, as the iPhone 12â€™s endurance was underwhelming even for a 5G phone. I wouldnâ€™t recommend that iPhone 12 owners upgrade to the new iPhone, but the iPhone 13 is worth it if you own an iPhone 11 or older device.I donâ€™t think many people will care about the smaller notch. What truly stands out on the iPhone 13 is the camera. The low-light performance is even better now, and computational photography features like Cinematic mode and Photographic styles flex the A15 Bionicâ€™s muscles in ways that go way beyond benchmarks.Iâ€™m also glad Apple doubled the starting storage at 128GB, as that move was overdue and puts the new iPhone on par with Android flagships. Iâ€™d like to see Apple offering faster charging next time around â€” be it via USB-C or MagSafe â€” as well as a 120Hz display.The bottom line is that the iPhone 13 is a fantastic phone and raises the bar for what you think a camera phone can do."
Aaron Choolikkattil,Could Be Better,4.0,Reviewed in India ğŸ‡®ğŸ‡³ on 27 January 2023,Its My First iPhone and i was under assumption for it to be a big deal to have one.Not Upset with the purchase. Obviously proud to own one. Could have been Better.
Manish Kumar,Really beatable price,4.0,Reviewed in India ğŸ‡®ğŸ‡³ on 26 January 2023,Happy with this iphone 13 fully premium and worth
atif s.,Best phone of the decade,4.0,Reviewed in India ğŸ‡®ğŸ‡³ on 23 January 2023,This is what you need
nitin sammanwar,Ok,4.0,Reviewed in India ğŸ‡®ğŸ‡³ on 22 January 2023,Ok
Amazon Customer,I phone 13 is nice and I recommend to get it with out any second thought,5.0,Reviewed in India ğŸ‡®ğŸ‡³ on 27 January 2023,I phone 13 is nice and I recommend to get it with out any second thought
SIMONKISKOO,My first iphone,5.0,Reviewed in India ğŸ‡®ğŸ‡³ on 1 February 2023,First time upgraded to iphone nd it's worth it.ğŸ
Vandana,Product is very good,5.0,Reviewed in India ğŸ‡®ğŸ‡³ on 30 January 2023,But Amazon delivery agent is very rude and cheap
Alpesh,Great mobile. No need to tell.,5.0,Reviewed in India ğŸ‡®ğŸ‡³ on 1 February 2023,Great mobile. No need to tell.
Dr,Disappointed with packaging,5.0,Reviewed in India ğŸ‡®ğŸ‡³ on 23 January 2023,"worst packaging, Packaged iphone in plastic bag and shipped from Hariyana to Gujaratoverall Product is good"
Sachin Sharma,Truly satisfied with the product,5.0,Reviewed in India ğŸ‡®ğŸ‡³ on 27 January 2023,Overall a good quality product and best service from Amazon really appreciate
Asish Kumar Gouda,BAD CX FEEDBACK FOR LOW QUALITY CAMERA RING FADED IN 5MINTHS USE WITH GREAT CARE.,4.0,Reviewed in India ğŸ‡®ğŸ‡³ on 27 December 2022,Everything is good but couldnâ€™t understand how the camera ring colour got faded in just 4/5 months of use. Using very carefully with a 2k cover but a BAD CUSTOMER FEEDBACK FOR IPHONE FOR ITS CAMERA RING COLOUR FADE.Apple must do a refund of it.
Ali Faisal Khan,Awesome mobile i loved it ğŸ˜,5.0,Reviewed in India ğŸ‡®ğŸ‡³ on 19 January 2023,Everything is very good. But packaging quality is very bad Please Amazon do something. But inside box everything is fine. Nd i loved it thanks apple nd Amazon.
Dr Rahul Sharma,Great product poor packaging by Amazon for such expensive item,5.0,Reviewed in India ğŸ‡®ğŸ‡³ on 20 January 2023,Box containing phone was directly put in bubble wrap poly bag it could have been damaged by fall or compression easily.
Amazon Customer,iphone 13,5.0,Reviewed in India ğŸ‡®ğŸ‡³ on 2 February 2023,excellent
Manasa T N,Totaly worth the money,4.0,Reviewed in India ğŸ‡®ğŸ‡³ on 24 January 2023,The media could not be loaded.
Mohd Imran Ansari,Good performance and Good looking,5.0,Reviewed in India ğŸ‡®ğŸ‡³ on 29 January 2023,Good performance and Good looking
Maadhav,its an iphone :),5.0,Reviewed in India ğŸ‡®ğŸ‡³ on 23 January 2023,Decent phone- Sent from my iphone 13
Ankit Chouksey,Value for money,5.0,Reviewed in India ğŸ‡®ğŸ‡³ on 25 January 2023,
Abhi,First iphone !â¤ï¸,5.0,Reviewed in India ğŸ‡®ğŸ‡³ on 20 January 2023,"Loving it by now â€¦ camra is amazing.. even if you are a midrange android user , you wont miss 120hz ..thats for sure"
dalipkumar,Wow,5.0,Reviewed in India ğŸ‡®ğŸ‡³ on 29 January 2023,Excellent very good
Jagdish Chandra Pathak,Exellent,5.0,Reviewed in India ğŸ‡®ğŸ‡³ on 1 February 2023,
vignan,So far good,4.0,Reviewed in India ğŸ‡®ğŸ‡³ on 10 January 2023,"Review after a month of usage.Decent battery and camera.Try using ios 15, it gives good battery backup."
Shivayogi,ğŸ‘ŒğŸ‘ŒğŸ‘ŒğŸ‘ŒğŸ‘Œ,5.0,Reviewed in India ğŸ‡®ğŸ‡³ on 27 January 2023,ğŸ‘ŒğŸ‘Œ
Ragul Narayanan,Great phone,5.0,Reviewed in India ğŸ‡®ğŸ‡³ on 28 January 2023,Excellent iPhone
Amith & Farhan,Good product ğŸ‘,5.0,Reviewed in India ğŸ‡®ğŸ‡³ on 22 January 2023,It's very good ğŸ‘Only a problem for battery lyf
Arsheed Ahmad Pandit,Excellent,5.0,Reviewed in India ğŸ‡®ğŸ‡³ on 24 January 2023,Terrific purchase
Placeholder,50000 above only iPhones or Samsung better,5.0,Reviewed in India ğŸ‡®ğŸ‡³ on 22 January 2023,"Super mobile ,camera quality realistic"
Amazon Customer,Good at reasonable price,5.0,Reviewed in India ğŸ‡®ğŸ‡³ on 21 January 2023,
Saurabh Chaturvedi,Always go for pro model,5.0,Reviewed in India ğŸ‡®ğŸ‡³ on 14 January 2023,Always go for pro model online 13 is not good for cammara and video recording
Nitin Kumar,Just amazingâ€¦.,5.0,Reviewed in India ğŸ‡®ğŸ‡³ on 19 January 2023,Just amazingâ€¦.
Vishal Kumar,I love design,4.0,Reviewed in India ğŸ‡®ğŸ‡³ on 27 December 2022,Yes i love itğŸ–¤
Shyam Shankar singh,Fabulous,5.0,Reviewed in India ğŸ‡®ğŸ‡³ on 21 January 2023,Superb
Khanbaba555,battery draining issue in my newly device,3.0,Reviewed in India ğŸ‡®ğŸ‡³ on 20 January 2023,Don't buy mini iPhone even regular iPhone 13 battery is so bad and its draining so fast even if your not using and its not old enough its my newly device I bought this on 19 jan 2023 today is 20 Jan 2023 I face this issue maybe my unit fault or ios 16.02 better upgrade to max models if you have enough penny otherwise don't waste it buy any android device for better specs and all the useful feature you'll get under 60k and one more thing you'll get bored in a single day if you switch Android to ios by the way its my personal opinion maybe someone has different about it thank you !!
Mohnish Tanwar,Excellent product,5.0,Reviewed in India ğŸ‡®ğŸ‡³ on 15 January 2023,Apple never disappoints.
Nehal,Just a hyped up product,3.0,Reviewed in India ğŸ‡®ğŸ‡³ on 20 January 2023,First and Foremost thing Camera its just okayish and Hyped one i found it to be equivalent to a 30-40 k range android phone.Battery Backup is top notchDisplay is good.IOS is really bad ğŸ˜” you can't tweak and play around like in android and you have to use itunes or a 3rd party app to just copy your files.For time being this is my review. If you are an ios user you can upgrade to it. If you are an android user there are way better options than this iphone.Just don't go with the hype and end up buying this. It's my opinion not value for money product. It's not worth it.
Rajat,Superb,5.0,Reviewed in India ğŸ‡®ğŸ‡³ on 16 January 2023,Nice
Neeraj Arora,Good phone,5.0,Reviewed in India ğŸ‡®ğŸ‡³ on 20 January 2023,Good
Sai Teja,Excellent,5.0,Reviewed in India ğŸ‡®ğŸ‡³ on 15 January 2023,Good
Amazon Customer,Charger cable,4.0,Reviewed in India ğŸ‡®ğŸ‡³ on 12 December 2022,"Itâ€™s only about only 2 months my charger cable not worming any more, what should indo"
monika rai,Simply awesome!!,5.0,Reviewed in India ğŸ‡®ğŸ‡³ on 6 January 2023,very much satisfied with phone.... everything is working good. No wonder Apple is the best!!
Naveen Kumar,Awesome really superb!!,5.0,Reviewed in India ğŸ‡®ğŸ‡³ on 5 January 2023,From childhood am using android... but recently bought this apple iphone 13 first i completely didnt like the ios but after all got addicted to the superb buttery smooth ios and its fast like a lightning a premium iphone in hand..mainly amazon delivered it in a great quality packaging.... within two to three years will buy the next apple product only!
Koushik Karmakar,"Consistent, dependable & need more customization options",5.0,Reviewed in India ğŸ‡®ğŸ‡³ on 14 September 2022,"Likes -1. A good display2. Great dual speaker sound quality3. Itâ€™s fast. I am using for more than a month and it never hanged.4. Updated to IOS 16 and unlike Android phones it is bug free or has very less bugs5. Long term software & security support (a very few Android phone manufacturers gives 5 years OS support with less bugs)6. Consistent camera. I would say the camera is not so hi fi but takes consistently good photos7. Apps are well optimized. Even google apps like YouTube, Maps, Gmail etc works better in IOS rather than their own proprietary OS8. Widgets in IOS 15 and 16. Android has widgets for decades now but IOS took the user experience to a whole new level.9. The new boxy design (introduced with iPhone 12) is cool and looks good.10. Network & call quality is good.11. Haptic feedback is awesome.Dislikes (Some dislikes are due to myself being an Android user for decades)1. The ugly notch. Though they made a dynamic island with iPhone 14 but lets accept the truth its still ugly compared to the hole punch2. Battery life & charging speed.3. Lack of customization. I canâ€™t place the icons wherever i feel like on the screen.4. Lack of fingerprint scanner. Face id is good but fingerprint scanner is more practical, specially when you pay contactless5. Being an Android user I am used to with swipe from the right edge of the screen to go back. In iPhone this is not working & you need to reach out to actual back buttons of the app.6. Settings app is messy as all installed app would show up on the main page. I would say Android settings app is more sophisticated.7. Lastly the price shouldâ€™ve been less. With all discounts & all it comes ~60k INR and its costly.Overall I am satisfied switching to iPhone 13 from Android (used OnePlus 6t for 3 years). Last time I switched to iPhone was with iPhone 5S and I couldnâ€™t stay for 6 months and switched to Android again. But this time IOS is better in terms of consistency & user experience."
Sid,Excellent and smooth delivery,5.0,Reviewed in India ğŸ‡®ğŸ‡³ on 9 December 2022,"Iphone 13 we all know is a good phone. (Plenty of reviews already ) no major concerns here.Wanted to highlight the online process via this review.Was a bit skeptical to order a 60k+ item online but glad to say that overall process went smooth and super quick delivery (1 day delivery)Only con been other sites were offering more discounts, something to look into.Thumbs up from my side."
Ankur Sharma,Bes in Class,5.0,Reviewed in India ğŸ‡®ğŸ‡³ on 10 January 2023,Bes in Class
Vitthal Kulkarni,Overall good,4.0,Reviewed in India ğŸ‡®ğŸ‡³ on 11 November 2022,I was using Android and this is my first iPhone and I didnâ€™t find much difference when I started using. Front camera images I didnâ€™t find that attractive as compared to back camera
Hemanth,Superb,5.0,Reviewed in India ğŸ‡®ğŸ‡³ on 3 January 2023,Good
Prathamesh Bhirud,No 5G option,3.0,Reviewed in India ğŸ‡®ğŸ‡³ on 29 January 2023,I donâ€™t see 5G option under cellular mobile data
T,Genuine,5.0,Reviewed in India ğŸ‡®ğŸ‡³ on 21 December 2022,"I am happy with this purchase. I purchased it at a good price, and it has excellent features. Love it."
Anuj rana,"iPhone. Better screen, display, more functionality, productive",5.0,Reviewed in India ğŸ‡®ğŸ‡³ on 11 January 2023,"iPhone. Better screen, display, more functionality, productive And also attracted"
Hemanth,Truly amazing,5.0,Reviewed in India ğŸ‡®ğŸ‡³ on 31 December 2022,One of the best phone I have seen
himanshu bhadani,Beautiful colour,5.0,Reviewed in India ğŸ‡®ğŸ‡³ on 6 January 2023,
Gautam chauhan,I am happy,5.0,Reviewed in India ğŸ‡®ğŸ‡³ on 30 December 2022,Fantastic
Shubham Pawar,No doubt Apple ğŸ‘Œ,5.0,Reviewed in India ğŸ‡®ğŸ‡³ on 2 January 2023,"Improved camara, very nice speakers totally wholesome package !!!"
Smitesh Mali,Lives up to expectations,4.0,Reviewed in India ğŸ‡®ğŸ‡³ on 8 October 2022,I have switched from one plus 5 to iPhone and definitely experience is goodPros1) Good camera2) Good battery life ( getting 1.5 to 2 days battery life with moderate usage)3) Good screen4) good performanceConsNo cons. Only if you have switched from android to ios then restriction imposed by ios is little bit irritating sometimes but you get used to it after sometime
Naveen murthy,Happy User,5.0,Reviewed in India ğŸ‡®ğŸ‡³ on 18 December 2022,Simply not called as a brand. I phone 13 is best
padmini.v,Fabulous colours (red),5.0,Reviewed in India ğŸ‡®ğŸ‡³ on 17 December 2022,Red colour is very attractive â¤ï¸â¤ï¸
Deepak hulde,Product me seel pack nahi hai open hai piz replace my prodact,5.0,Reviewed in India ğŸ‡®ğŸ‡³ on 18 January 2023,The media could not be loaded.Yes product open
Sam,Apple is unbeatable,5.0,Reviewed in India ğŸ‡®ğŸ‡³ on 29 December 2022,"Excellent phone, good to handle, received in a day. Perfect packaging"
Mohit saini,Awesome,5.0,Reviewed in India ğŸ‡®ğŸ‡³ on 19 January 2023,The media could not be loaded.All good
Major Ramachandran,The battery life seems to be good. The screen is very clear and responsive.,4.0,Reviewed in India ğŸ‡®ğŸ‡³ on 20 September 2022,"Has been good till now. There is no requirement to buy a fast charger if you already have a normal apple charger. I am having problem switching off the phone, will have to go to the service center to get it checked. It has a lot of improvements incorporated and gives a good feel. Happy with the investment though a bit steep."
guru prakash,Good product,5.0,Reviewed in India ğŸ‡®ğŸ‡³ on 11 January 2023,The media could not be loaded.I like the colour and battery capacity
Placeholder,Feels premium and handy .,5.0,Reviewed in India ğŸ‡®ğŸ‡³ on 30 November 2022,Camera quality is decent but not as extraordinary. If pixel 7 or 7 pro were released earlier that would be a much better deal . Feels premium and handy .
Pawan Kumar,Just amazing phone by apple,5.0,Reviewed in India ğŸ‡®ğŸ‡³ on 12 December 2022,Performance oriented & value for money.Worth buying it.
RASHMI NAYAK,Donâ€™t think twice if you are an Apple Lover,4.0,Reviewed in India ğŸ‡®ğŸ‡³ on 13 June 2022,"I have been using iPhone 13 for more than a month and I must say I am so impressed and in love with it. Seamlessly fast and swift. As it is my first iPhone, it took a time to get acquainted with the iOS environment and settings.Although I charge the phone not more than 86% but it last whole day even after rigorous daily use. My screen time lasts 6-7 hours a day which includes Ms Teams call, Chatting, YouTube, Surfing random stuffs and BGMI as well.Picture quality is no doubt a killer. I have uploaded a night picture for a sample and I am just speechless. Portrait mode, Video stabilisation, Slow motion are the key feature one would like the most.Everything is awesome but It would have been really good if the price would have been under 45-50 grand bracket . Honestly, I think it is so overrated because of the Brand, public demands, lifestyle and its secured privacy settings. The repair cost is also so expensive that you would have to very careful while handling. I am living a life where my phone is more precious than my purse ğŸ¤­. â€œPurse jaye to jae magar phone ko kuch na hoâ€You can buy if your employer is paying you enough in WFH. Jobless people donâ€™t think of this now get a job or else get ready for the taunts from your parents or guardian."
nittu,Itâ€™s iPhone thatâ€™s it,5.0,Reviewed in India ğŸ‡®ğŸ‡³ on 19 December 2022,
Essoxx,Arrived really fast and condition was good,5.0,Reviewed in India ğŸ‡®ğŸ‡³ on 4 December 2022,I got pink one and itâ€™s really cuteCamera is as aspect
Divyani,Amazing product,5.0,Reviewed in India ğŸ‡®ğŸ‡³ on 23 November 2022,"Have been using iPhone 11,Upgrade Feels worth it skipping iPhone 12Very snappy and responsiveCamera improvement is evidentOs is smooth as alwaysNo complaints whatsoeverPerfect product"
FASEEL,Nice product,4.0,Reviewed in India ğŸ‡®ğŸ‡³ on 2 November 2022,Very good
Himanshu Bartwal,Superb product by Apple,5.0,Reviewed in India ğŸ‡®ğŸ‡³ on 1 December 2022,"Awesome product, iphone 13great camera quality, great display, great performance, good battery life."
Dineshram,Iphone 13 Dream,4.0,Reviewed in India ğŸ‡®ğŸ‡³ on 2 September 2022,"Hey All,Its been a dream for middle class guy to own a iphone. Waited for 5-6years to buy one for myself and it was worth waiting.Moving from Android to IOS was a big shift. Like all others had struggled 1st day but eventually you will learn everything.Phone is just awesome that to i got it for 55k with all exchange and bank offers. So i would say its worth every single penny.However, screen quality and brightness could have been better."
Mohammed Azim,One Difect is no charger in the box,5.0,Reviewed in India ğŸ‡®ğŸ‡³ on 3 December 2022,Wonderfully Phone with best battery life and face reading.
Souvik k.,Looks really premium and the camera is the best.,5.0,Reviewed in India ğŸ‡®ğŸ‡³ on 27 September 2022,"I am using this phone for the last 3 months approximately. This phone is perfect for all, whatever you need you can get from this device. Apple provide a better chip which really serve you a better performance and the camera is superb. Although the battery is improved in 13 series so guys you can experience this and all over a day u can easily get around 7-8hrs of backup. Build quality is superb. The thing which may be better in this is phone is that the refresh rate, Apple should give atleast 120hz but guys u if ur going to shift From 120hz display phone then only can u feel it, rest of them who are shifting from a normal smartphone u cannot analayze the refresh rate. And guys i love the notch so sorry about it ğŸ˜‚ i can't comment on this. Thanks"
Srinath Sanda,Awesome Apple,5.0,Reviewed in India ğŸ‡®ğŸ‡³ on 17 November 2022,"Awesome apple. 13 mini is handy. Easy to carry. Light weight. And very effective in daily usage. Battery is effective according to daily usage. Pictures, sound output, is always the best. Finally completed the 6 months emi. And finally the product is mine. ğŸ¤£ğŸ¤£"
Shivam patel,This phone is best!!,5.0,Reviewed in India ğŸ‡®ğŸ‡³ on 3 August 2022,Just got for 64990 on Amazon prime day saleğŸ¤—ğŸ¤—Happy with the phoneHere is the review after 7 day usageCameraBack 5/5Front3.5/5Display 4/5As I used it for 1 day and it get a little hair line scratch so please use screen guardElse the quality and smoothness is insaneBuild quality 5/5 it's an iPhone ğŸ”¥Battery 3.5/5 if i play bgmi than I have to charge twice a day normallyAnd it also get heating issue while charging so for safe point please let your iPhone cool down and try to charge it on cooler/ac (if you are using 20w charger)Speaker 4/5 decent(not so loud but very smooth )Performance 5/5No lag no gitter even if you play on full brightness and do hardcore gaming a15 is king in this segment snapdragon mediatek are not even closePlease note one thing may be it was a glitch (15.6)or something that I don't know about iOS while using WhatsApp screen shows some type of bug or else it is something that I don't know....Final over-all priceiPhone -6499020w charger -1900Cover -200Glass- 150Back guard-150Lens protector -150All other accessories except iphone was purchased from marketTotal cost 67540 overall
Gaurav,Wow.. Great to use,4.0,Reviewed in India ğŸ‡®ğŸ‡³ on 27 August 2022,"Good things1. Camera as always amazing ( cinematic vedio is wow).2. Battery performance has improved tremendously3. No lags4. Size is good , good for watching movies.5. Look is above average.Not good1. Charger not available ( whatever logic company gives , it should be available, one have a buy ) , people buying iPhone can buy the charger additionally but that doesn't mean they will be excluded ğŸ˜‚"
Rohan Sen,Stunning!,5.0,Reviewed in India ğŸ‡®ğŸ‡³ on 10 December 2022,Absolutely stellar experience!
Shakil ahmad,Amazon marketplace,5.0,Reviewed in India ğŸ‡®ğŸ‡³ on 3 December 2022,I like may mobile
Harikesh Kumar Tiwari,I love my iPhone,5.0,Reviewed in India ğŸ‡®ğŸ‡³ on 29 November 2022,Great great phone
muzamil,Apple means Apple .. no comparison,5.0,Reviewed in India ğŸ‡®ğŸ‡³ on 27 November 2022,Best in the budget â€¦ No compromise on quality
AshIsh Sogun,iPhone 13? The sweet spot!,3.0,Reviewed in India ğŸ‡®ğŸ‡³ on 29 August 2022,"The iPhone 13 both giveth and taketh what the iPhone 12 gave it to work with. Yes the battery, camera, and storage is way better. That much is true. But the build quality? It's hit and miss. Reception Is meh but that could be the SIM card. I've had budget android phones that get full LTE reception where my 13 will have one bar. But again that could just be my SIM card on it's way out. Something about certain aspects of the phone feel much cheaper than bits of it's predecessor. For example the rear glass. Yes it's supposedly the same ceramic shield from the 12 but I've found it scratches much easier for no real reason. Another example is the speaker grille in the front notch. It looks alot cheaper and sounds that way too than the one in the 12. Pretty tinny and just rattley sounding. It's not a horrible phone. It's the first iPhone I've felt like I can get android style utility from. But the questionable build quality changes over the previous generation just stifle it for no reason. That's not to say the phone is entirely built out of meh. For example the camera lenses and the bump are much bigger on the new 13. I work as a mechanic and subjected my old 12 to the same rigors. The 12 took it like a champ aside from very light camera lenses scratching. I've subjected the 13 to much more stress and it just shrugs it off aside from the seemingly unexplainable rear glass scratches. I haven't dropped it like my 12 yet so theres always that. But if it's anything like the 12 it'll take a few hip height falls onto concrete with no issue. I'd be so bold as to call this the ""sweet spot"" for the whole iPhone lineage. good focus on where it matters. Very few compromises."
Akshay,Brand,5.0,Reviewed in India ğŸ‡®ğŸ‡³ on 28 November 2022,Good product
Rakesh Nayak,Good,5.0,Reviewed in India ğŸ‡®ğŸ‡³ on 9 December 2022,Nice color
surya,Compact and best,5.0,Reviewed in India ğŸ‡®ğŸ‡³ on 22 November 2022,Battery life is good.No 5G software yet! Waiting for the update.Camera is good
S Nandi,Awesome,5.0,Reviewed in India ğŸ‡®ğŸ‡³ on 24 November 2022,Trademark as all say!
ansuman panda,Bitter sweet love,4.0,Reviewed in India ğŸ‡®ğŸ‡³ on 23 June 2022,"So when you buy the first apple iphone, after using samsung for quite a long time, the expectations are a bit on the higher side. But there are certain short comings. My brief idea after using an iPhone 13 for 1 monthPros1- the screen is amazing, no doubt about it. The pictures are crisp and viewing angles are good as well2- the battery backup is good and if compared to a samsung s20+ it's ground breaking.3- sound on this tiny bit of equipment is so loud and clear.The bitter sweetness: the much touted camera is good but if compared to the same phone bought from a brick and mortar shop, the difference is staggering. The camera seems to be off and dull.Cons: even the battery is small, the charging still takes a lot of time."
Aman raj,Teriffic best colour iphone 13 green,5.0,Reviewed in India ğŸ‡®ğŸ‡³ on 5 December 2022,
Mudassir Chimawkar,Good battery,4.0,Reviewed in India ğŸ‡®ğŸ‡³ on 9 September 2022,Switched from Samsung M51 battery backup was a concern but luckily Iphone 13 lasts the dayOverall good phone but if you are switching from android the first few days are ugly as we have a lot of options in Android
Saugata,iphone13,5.0,Reviewed in India ğŸ‡®ğŸ‡³ on 23 November 2022,very nice.over heating while charging
Dr (Maj) Vishal Sahai,WOW,5.0,Reviewed in India ğŸ‡®ğŸ‡³ on 2 October 2022,"LITTLE DOUBTFUL EARLIER SINCE IT IS FOR THE FIRST TIME I HAVE PURCHASE ANYTHING OF THIS HEFTY AMOUNT OF MONEY THROUGH AMAZON , BUT NOW 100% SATISFIED, I THANK AMAZON AND APPLE FOR KEEPING THIS CONFIDENCE AND TRUST....GOT BEST DEAL THRU AMAZON - IN MARKET IT IS APPROX 7000/- COSTLIER....ALSO RECEIVED INVOICE BILL AND PACKING SLIP ALONG WITH IT. NOW JUST WANTED TO VISIT APPLE SERVICE CENTER FOR FURTHER REGISTRATION AND WARRANTY CONFIRMATION."
Balaji M,Perfect phone.. It has its own cost ğŸ˜…,5.0,Reviewed in India ğŸ‡®ğŸ‡³ on 19 November 2022,"Definitely top notch, no doubt about it. iPhone 13 is my first apple product. Really impressed!!!"
Psychotic,"Delayed shipment, packing was so-so",4.0,Reviewed in India ğŸ‡®ğŸ‡³ on 18 August 2022,"It took more than 4 days to arrive, packaging was not that protective either, the product could have been damaged but thank god its not.I was not confident enogh before ordering it from appario retail, looking at the reviews and complains all over the internet for seller, but everything is fine i got the device without any issues."
Swatantra Dwivedi,Superb Product,5.0,Reviewed in India ğŸ‡®ğŸ‡³ on 12 November 2022,"Great Product, I have been using since more than 8 months . Superb Camera & Audio Quality is great.Display is what something I cant describe its great. This is my secondary i am only using for work & finance."
Krishnanshu Dey,iphone 13 review,5.0,Reviewed in India ğŸ‡®ğŸ‡³ on 29 July 2022,This is my first iphone that I got for 64k.Delivery boy was denying for open box after listening it's the packaging of iphone. Anyway tnx god I got it in the box. Packaging was good and intact and eco friendly.I am giving this review after one week.1. Battery backup is well optimized.2. Display is best oled with smooth experience without no lagging.3. Sound quality is awesome best ever experience with Dolby Atmos inbuild.4. LIMITLESS processor with A15 bionic chief. I sware you will get best ever gaming with highst graphics settings. Even not at all heating issue.5. In camera I like it's software experiences. I like it's night mode and cinematic mode.6. Battery backup is great and Charing is super fast with 20W charger get 80% in just 20 minutes.Only the bad thing is that no charger including in the box. Hope apple will look into this and add it in future.Last of all THANKS AMAZON FOR such great experience.
Noel,It's a premium for the right reasons,4.0,Reviewed in India ğŸ‡®ğŸ‡³ on 13 May 2022,"Let's start with the negative feedback here on Amazon. Some people are really derogatory with their reviews with respect to the phone, Ignore it!If you are interested in the iPhone then you know what you are getting into.It has its share of cons, one being that Whatsapp chat transfer from Android to iOS is not available at the moment, partly blame meta for the way they handle our data.Keeping that aside, you're paying for a phone that will last you more years if taken care of well, the camera may not be the best in the market but does amazingly good across all modes, be it portrait or night mode or videos, btw the cinematic mode is Kickass!!You are paying for security, the Ecosystem is really an underrated feature, the hardware is directly tied with how the OS works and the A15 is a powerful chip. The phone lasts a day.Yes, there is no charger in the box and I wish the connector was type-c.Hopefully, this helps. Will update the review with pictures soon."
Anas Saifi,Nothing,5.0,Reviewed in India ğŸ‡®ğŸ‡³ on 13 November 2022,The media could not be loaded.Osm phone because mene ye life me 1 time on-line liya h phone bht accha h battery life great camera is very grateful and looking gorgeous ğŸ˜ğŸ˜š
Mukul Singh,No phone can beat the iPhone 13,5.0,Reviewed in India ğŸ‡®ğŸ‡³ on 22 November 2022,Loved it
Amazon Customer,Very Bad Software Experience,4.0,Reviewed in India ğŸ‡®ğŸ‡³ on 12 August 2022,"Guys, the software experience is very bad for me as I switched from Stock Android. Please donâ€™t buy just because of the brand, instead lend an iphone from your friend or relative and use for 2 weeks and you will understand there are lots of differences between Android and IOS. After this if you still like the Iphone then you can buy it."
Bibhas,Best value for money iphone 13,5.0,Reviewed in India ğŸ‡®ğŸ‡³ on 5 October 2022,"This is my first iphone and the experience is just amazing and i am also using an android phone but the animation, UI, camera quality, battery life is awesome in apple devices. Also the charger is only 20w but itâ€™s charged very fast you will not feel like itâ€™s a slow charger. :)"
Puneet Sahoo,Excellent!,5.0,Reviewed in India ğŸ‡®ğŸ‡³ on 30 August 2022,"Switched from Android to IOS for the first time and I donâ€™t regret it one bit. The UI is buttery smooth, apps never glitch and the camera is top notch. People who love to customise their phones may not like it since iOS doesnâ€™t provide that flexibility, but for me its not a problem.If I had to nitpick, the only thing I donâ€™t like is the cinematic mode. Its a good attempt, but itâ€™s nowhere near perfect, which is understandable since its a new feature.Go for this phone, youâ€™ll love it!"
Nishan Singh,Good review,4.0,Reviewed in India ğŸ‡®ğŸ‡³ on 16 September 2022,Apple cheap company does not give a charger in the box.
ganesh Tapkir,Apple iPhone 13 (256GB) - Starlight,5.0,Reviewed in India ğŸ‡®ğŸ‡³ on 22 October 2022,"I am very pleased that I bought the original iphone 13.Just shifted from Android to iOS .. The new iphone 13 is a great phone with a lot of improvements. It has the best camera on the market..it works good in low light, the software is much improved, and the battery life is long lasting.Got this for - 66 K"
Saket P.,Iphone 13,5.0,Reviewed in India ğŸ‡®ğŸ‡³ on 6 November 2022,"Outstanding Mobileâ™¥ï¸,Face Id Very Fast Even in night mode,Battery backup almost 1 day,Camera is superb,If your budget is around 60-70k, Go for itğŸ‘ğŸ»"
Fardin,Justifies the price tag.,5.0,Reviewed in India ğŸ‡®ğŸ‡³ on 12 October 2022,Well except that the product delivered was manufactured way back in April and the box looked old from outside. I didn't find anything negative. The phone works normal till date. Amazing camera. Loved how it syncs automatically with the iPad and how they work together to make my life tad a bit easier.
Manasa,Camera rocks,4.0,Reviewed in India ğŸ‡®ğŸ‡³ on 3 August 2022,Camera is definitely a plus but not exactly a slr replacement. Android users may find the security annoying..I did....biggest constraints is u cant cpy the pictures and videos directly from iphone to laptop unless u hav mac book. Audio(Stereo )quality is awesome for a phone. Battery will last 1 day for average users .....jumping lot of hoops for simple tasks (on Android) is a bummer....but security is security ğŸ¤£.No 4k for cinematic ....
Vignesh,"IPhone 13, a benchmark for other phones out on the market !!",5.0,Reviewed in India ğŸ‡®ğŸ‡³ on 4 September 2022,"I have been using IPhone 7 for nearly 4 years and finally decided to switch to IPhone 13. Now itâ€™s been like nearly six months I been using this phone and I couldnâ€™t really find a real drawback what do ever.Camera is the best. I am not exaggerating, it is better than the entry level DSLRâ€™s. Performance, battery life, sound, display - I am so impressed.The only drawback I could see is phone is slightly heating up while playing games or charging.But itâ€™s still worth a buy."
Sadanand Aithal,Love it,5.0,Reviewed in India ğŸ‡®ğŸ‡³ on 15 November 2022,Amazing product.
Anupam Sinha,Great machine,4.0,Reviewed in India ğŸ‡®ğŸ‡³ on 4 September 2022,Amazing phone just missing some of the free twiks and apps which are available in androidRest its a beast phone
MASHKOOR ALI,Battery back up issue,5.0,Reviewed in India ğŸ‡®ğŸ‡³ on 18 November 2022,Camera quality is not good also battry back up is low
Amazon Customer,Excellent,5.0,Reviewed in India ğŸ‡®ğŸ‡³ on 18 November 2022,Great product
Dheeraj Chettri,Value for Money,5.0,Reviewed in India ğŸ‡®ğŸ‡³ on 8 November 2022,Have switched to iPhone from android. The display and UI/UX is just uncomparable. Loving every part of it.
Kashif Khan,GOOD DEAL,4.0,Reviewed in India ğŸ‡®ğŸ‡³ on 2 September 2022,"THERE IS HEATING EFFECT WHICH CHARGING AND EVEN WHILE USING WITHIN A WEEKS TIME, WHICH USUALLY DOESNT HAPPEN WHEN PURCHASED FROM I-STORE, BUT PURCHASING IT ONLINE IS AN ISSUE."
Nitesh,Good,4.0,Reviewed in India ğŸ‡®ğŸ‡³ on 20 September 2022,Good
Suresh Chandra Sahu,I mean itâ€™s THE iPhone what would you expect!,5.0,Reviewed in India ğŸ‡®ğŸ‡³ on 1 May 2022,"A fabulous phone with the perfect size.A smartphone have mostly 5 major categories in which it shows up its real value.Cameras, Processor, Battery, Display and durability.Cameras - 4/5 These are one of the best if not the best camera in a mobile device till Now!(except zoom)Processor - 10/5itâ€™s A15 Bionic (Name is enough)Snapdragon will take 2 years to even come close this powerhouse beast.Battery life - 5/5. On my usage my iPhone yielded 9 - 10 hrs screen on time.(Remember itâ€™s not the highest mah cell itâ€™s super efficient)Display - 3/5 absolutely a shameful and greedy act by Apple in terms of display department itâ€™s 2022 and in this year even 10k phones provide 120hz display and here comes Apple saving the 120hz displays for the pro models only.(Note itâ€™s probably the smoothest and the best 60hz panel)Durability - 5/5 can easily last 3 years without any problem and after that just change the battery and itâ€™s good for 3 more years + the resell value of iPhoneâ€™s are also best.There are other minor factors like the Apple ecosystem, the Build Quality, the service, the secured ui, and a lot lot more.A very happy owner."
Nambi,"Great design, good to hold",4.0,Reviewed in India ğŸ‡®ğŸ‡³ on 30 July 2022,"Great sound quality, fantastic camera photos, snug fit and the health functions are really helpful and informative. The only issue Iâ€™m struggling to resolve are the 3rd Gen IPhone ear buds. Only the left ear bud works. Tried everything but it doesnâ€™t work. And Amazon service is terribly unhelpful"
Henry Longri,Great phone,4.0,Reviewed in India ğŸ‡®ğŸ‡³ on 19 September 2022,Awesome phone
karthikeyan,Battery,4.0,Reviewed in India ğŸ‡®ğŸ‡³ on 5 September 2022,Good phone but battery backup is bad compared to other phones
Kishpalap,iPhone 13 strains your eye for websites which require scrolling.,4.0,Reviewed in India ğŸ‡®ğŸ‡³ on 28 April 2022,Using I phone 13 for past few days.My honest reviewPros:Battery back up is good and improved.you could get easily for a compete day with moderate usageScreen quality is good and comparable to Super AMOLED display.Cons:Screen refresh rate is very low may be @ 60 hz which will strain your eye while scrolling on the web pages and apps which is not good from the price point.Even basic android mobiles will give this and this is not at all acceptable for an iPhone which is major con.Charger is not given in the box and need to be purchased additionally which is also not good at this price point.At least Charger and branded ear pieces have to be given along with box pack.Apple has to improve in these areas.
Harisha Kumar K,iPhone Can be defective!,4.0,Reviewed in India ğŸ‡®ğŸ‡³ on 17 May 2022,"This is the second time I am buying an iPhone from Amazon. Received the phone in good condition. Used for half an hour and the phone downloaded 15.4.1 update and started rebooting. But it never rebooted instead stuck in boot loop. I contacted Amazon they suggested to visit apple service Center. Apple products donâ€™t come with replacement, if anything goes bad you have to visit apple care. I visited apple care which is at 70km from my place and they took my phone for service. After three days they provided a new iPhone with replacement letter containing old to new serial no and imei no. So everything ended happily. If your place is very far from apple care then you will be in trouble in such situations."
Harshan T.,Excellent product,5.0,Reviewed in India ğŸ‡®ğŸ‡³ on 13 November 2022,Highly responsive processor. Good Camera. Crisp display.
Sreenivasan,Price is less compared to Apple store.,5.0,Reviewed in India ğŸ‡®ğŸ‡³ on 12 September 2022,"Design, camera and performance I really like.This was not my first iphone, previous purchases were include iphone 6S plus, ipnone 11, iPhone SE second generation and iPhone 12.This iPhone 13 the camera performance is amazing and looks almost same as iPhone 12. Using since last one month more pros and cons vs iPhone 12 will be posted later."
j,good,4.0,Reviewed in India ğŸ‡®ğŸ‡³ on 16 September 2022,good
Abijith,Good Allrounder,5.0,Reviewed in India ğŸ‡®ğŸ‡³ on 8 May 2022,What are the main things that you want in a phone1: Processor A15 bionic fastest chipset for a mobile phone till date2: Display Super Retina display looks just awesome and the notch becomes almost invisible while you are viewing content with black background. Supports Uhd in prime video. Also supports Dolby vision.3: Speakers supports Dolby atmos. It is loud and clear.4: Battery the best battery ever in an iPhone it lasts easily for over a day of heavy usage with almost 7hrs of screen on time.5: Cameras as usual top notch from apple but missing telephoto lens when you try to Zoom and take pictures.6: Protection comes with ceramic shield at the front the strongest phone display till date.It is the best value for money smartphone from apple. There are very few things missing like the telephoto lens for which you need to upgrade to 13 pro.overall review a beast which covers all the areas perfectly.Just buy it if you can afford it and the pricing nowadays is around 70k which makes this a great package.
Dipanshu jha,Superb!,5.0,Reviewed in India ğŸ‡®ğŸ‡³ on 7 November 2022,The top of the line!
Surya,Good but fell short of expectation,4.0,Reviewed in India ğŸ‡®ğŸ‡³ on 11 August 2022,"Moving from android to ios was not very easy however, now settling down slowly after initially facing lots of issue. Was expecting more from camera particularly in photo section and battery. Rest only time will tell If a U turn would be needed or not."
Navneet Chauhan,Expensive But worth it,5.0,Reviewed in India ğŸ‡®ğŸ‡³ on 21 October 2022,Delivery is pretty quick got in one day .Camera quality is very good and phone is supersmooth just like a butter and this is 256 Gb variant .Thanks amazon and Appario for selling original product in well discounted price.
Ayansh Shrivastava,Superb Performance,5.0,Reviewed in India ğŸ‡®ğŸ‡³ on 29 August 2022,"The Picture Quality is amazing you donâ€™t need to think twice about buying this for photos, just go for it. A15 bionic is super fast and it has amazing performance it is specially good for gaming although battery backup is not that good if you are a heavy user, but if you are a light or medium user it will give you battery backup of whole day in one charge."
Geyasuddin,Switched from Android to IOS,5.0,Reviewed in India ğŸ‡®ğŸ‡³ on 19 October 2022,Amazing experience and believe me by switching from android will give confidence in day to day life too.
Aditya,Value Phone,5.0,Reviewed in India ğŸ‡®ğŸ‡³ on 23 August 2022,My first iphone and I wasnâ€™t disappointed much. Everything is perfect except I felt the battery life could be better. The android phones have kept the bar a lot higher and if youâ€™re coming from using a good android then you might get slightly dissatisfied with battery because itâ€™s not as great as android phones. But yeah rest everything is great. You will fall in love with the camera and smoothness of the phone!
vinai,Awesome,4.0,Reviewed in India ğŸ‡®ğŸ‡³ on 10 September 2022,Nice product
Compras CrÃ­tico,Its iPhone 12 only,4.0,Reviewed in India ğŸ‡®ğŸ‡³ on 23 August 2022,"Do not buy it if you have iPhone 12, there is no major difference. Iâ€™m little worried about battery life, it doesnâ€™t look super promising."
Rahul Singh,Either i recieved defective piece or iphone series is crap,3.0,Reviewed in India ğŸ‡®ğŸ‡³ on 11 June 2022,"Hi, I was android user for tha last 7 years. I decided to switch to IOS finally.First of all 128gb variant was out of stock, so had to buy the 256 gb variant. I have used it for few months, and i have mixed opinions. I will list the cons and pros:-Pros-1) Battery life is awesome. Easily goes a day without charging twice with good amount of social media usages.2) Really smooth UI experience. Feels like 90 fps.3) Display is top notch. Though the screen size could have been bigger.4)Charging is fast as compared to other 20W charging phones.5) Good face unlock feature.6) Great picture quality tho there are some problems i have discussed in cons.6) feels and looks premiumCons:-1) Not android friendly. If u are switching from android, u will find it very difficult to use.2) Sells by the name of privacy, but no privacy features like app lock, lock during calls is available.3) Few apps stop working very often. This maybe just with my device as i have doubts that i have recieved a defective device.4) Slo mo videos lags and skip frames on my device. Will get it check by service center.5)No c type support6) Notification management is very poor.7) lack of fingerprint scanner( only android users)8)file system is very bad . They say that it is so to secure the privacy. But it really sucks.So, if u can go with the cons listed above u can consider it to buy. I will recommend continue to stick to android. For less price you can get a better deal."
Ibrahim Shaikh,Good experience,4.0,Reviewed in India ğŸ‡®ğŸ‡³ on 7 June 2022,I have been using one plus 6t for last 3 years and it was a very decision to buy this because pixel devices not available in IndiaAfter using this for a month I can say I am happy with the iPhone 13 and the charging speed is same as 6t it takes 1.30 minutes for full charge which is good enough for a person like to who upgraded to iPhone from android
Manu,The software experience is just awesome,4.0,Reviewed in India ğŸ‡®ğŸ‡³ on 26 July 2022,The battery life is average comparing to my previous samsung camera is good and multimedia experience also the best i have ever experienced in a phone the size is compactible just ok and overall i am satisfied with iphone 13
vinay patil,Should have bigger battery,4.0,Reviewed in India ğŸ‡®ğŸ‡³ on 3 September 2022,Should have bigger battery..... rest ok
Amazon Customer,Switching from Andriod to IOS ....good so far,5.0,Reviewed in India ğŸ‡®ğŸ‡³ on 24 May 2022,"Purchased this phone (128 GB version) from Amazon with exchange of one plus 2. With citibank credit card discount, exchange offer, I got it at 67K. Got delviered within 24 hours from Amazon and received original phone. Immeidately checked serail number in Apple website and warranty is geniuine and got it for 1 year.1) Phone will be avaialable with only cable. No adapter.2) Purchased adaptor at Rs.1899 from Amazon. That is also genuine product.3) After using 24 hours, my charge reduced from 100% to 42 %. Good battery.4) Apps will donwload superfast.5) At the time switching on Iphone will ask for data back up. Please chooose Andriod to Iphone backup and you have to dowload one app in oyur old andriod phone. Iphone display code whcih has to be entered in the app in andriod phone. All contacts, sms, googe drive will automatically transferred to iphone. So easy !6) So far it is good going. Learnig lot...will post you after using few weeks"
Dhiru,Everything good apart battery,4.0,Reviewed in India ğŸ‡®ğŸ‡³ on 29 August 2022,Everything good apart battery
Abhishek,no damage at all got in a perfect condition,5.0,Reviewed in India ğŸ‡®ğŸ‡³ on 2 November 2022,grt product
Naveed Qazi,Like it,5.0,Reviewed in India ğŸ‡®ğŸ‡³ on 23 October 2022,Typical Apple experience which I had in the past. Recommend it. Apple works hard to improve technology.
Sunny Yadav,Good,5.0,Reviewed in India ğŸ‡®ğŸ‡³ on 1 November 2022,Like good
